task,model,seed,documents,time_extraction_s,seconds_per_document,job_return_value,predictions
CoreSchema,GPT OSS 20B,42,500,38734.153524357826,77.46830704871564,logs/525_faktencheck_core_bestconfig_testset/predict/multiruns/2026-06-23_00-38-05/0/job_return_value.json,predictions/525_faktencheck_core_bestconfig_testset/2026-06-23_00-38-05/2026-06-23_00-38-06_973776/predictions.jsonl
CoreSchema,GPT OSS 20B,1337,500,38391.47313940106,76.78294627880211,logs/525_faktencheck_core_bestconfig_testset/predict/multiruns/2026-06-23_00-38-05/1/job_return_value.json,predictions/525_faktencheck_core_bestconfig_testset/2026-06-23_00-38-05/2026-06-23_13-48-16_857518/predictions.jsonl
CoreSchema,GPT OSS 20B,7331,500,38139.74682080001,76.27949364160001,logs/525_faktencheck_core_bestconfig_testset/predict/multiruns/2026-06-23_00-38-05/2/job_return_value.json,predictions/525_faktencheck_core_bestconfig_testset/2026-06-23_00-38-05/2026-06-24_00-29-48_972813/predictions.jsonl
CoreSchema,Gemma 3 27B,42,500,38394.819966012146,76.78963993202429,logs/525_faktencheck_core_bestconfig_testset/predict/multiruns/2026-06-23_10-23-46/0/job_return_value.json,predictions/525_faktencheck_core_bestconfig_testset/2026-06-23_10-23-46/2026-06-23_10-23-47_878713/predictions.jsonl
CoreSchema,Gemma 3 27B,1337,500,38222.547655990114,76.44509531198023,logs/525_faktencheck_core_bestconfig_testset/predict/multiruns/2026-06-23_10-23-46/1/job_return_value.json,predictions/525_faktencheck_core_bestconfig_testset/2026-06-23_10-23-46/2026-06-23_21-09-18_070599/predictions.jsonl
CoreSchema,Gemma 3 27B,7331,500,41163.06267733686,82.3261253546737,logs/525_faktencheck_core_bestconfig_testset/predict/multiruns/2026-06-23_10-23-46/2/job_return_value.json,predictions/525_faktencheck_core_bestconfig_testset/2026-06-23_10-23-46/2026-06-24_07-48-24_422969/predictions.jsonl
CoreSchema,Qwen 3 30B,42,500,54475.1488326909,108.95029766538181,logs/525_faktencheck_core_bestconfig_testset/predict/multiruns/2026-06-23_10-24-03/0/job_return_value.json,predictions/525_faktencheck_core_bestconfig_testset/2026-06-23_10-24-03/2026-06-23_10-24-04_735832/predictions.jsonl
CoreSchema,Qwen 3 30B,1337,500,54762.69171528309,109.52538343056618,logs/525_faktencheck_core_bestconfig_testset/predict/multiruns/2026-06-23_10-24-03/1/job_return_value.json,predictions/525_faktencheck_core_bestconfig_testset/2026-06-23_10-24-03/2026-06-24_01-37-08_775483/predictions.jsonl
CoreSchema,Qwen 3 30B,7331,500,54427.52516309987,108.85505032619973,logs/525_faktencheck_core_bestconfig_testset/predict/multiruns/2026-06-23_10-24-03/2/job_return_value.json,predictions/525_faktencheck_core_bestconfig_testset/2026-06-23_10-24-03/2026-06-24_16-51-15_095713/predictions.jsonl
CoreSchema,Mistral Small 3 24B,42,500,52594.460831769975,105.18892166353994,logs/525_faktencheck_core_bestconfig_testset/predict/multiruns/2026-06-23_10-25-16/0/job_return_value.json,predictions/525_faktencheck_core_bestconfig_testset/2026-06-23_10-25-16/2026-06-23_10-25-17_761919/predictions.jsonl
CoreSchema,Mistral Small 3 24B,1337,500,50356.38121352601,100.71276242705201,logs/525_faktencheck_core_bestconfig_testset/predict/multiruns/2026-06-23_10-25-16/1/job_return_value.json,predictions/525_faktencheck_core_bestconfig_testset/2026-06-23_10-25-16/2026-06-24_01-07-06_137646/predictions.jsonl
CoreSchema,Mistral Small 3 24B,7331,500,51692.45849709399,103.38491699418798,logs/525_faktencheck_core_bestconfig_testset/predict/multiruns/2026-06-23_10-25-16/2/job_return_value.json,predictions/525_faktencheck_core_bestconfig_testset/2026-06-23_10-25-16/2026-06-24_15-07-53_224892/predictions.jsonl
OrganismTrends,GPT OSS 20B,42,419,17258.308879827964,41.189281336104926,logs/549_organism_trends_bestconfig_testset/predict/multiruns/2026-07-09_15-18-29/0/job_return_value.json,predictions/549_organism_trends_bestconfig_testset/2026-07-09_15-18-29/2026-07-09_15-18-30_085033/predictions.jsonl
OrganismTrends,GPT OSS 20B,1337,419,17537.290680331993,41.85510902227206,logs/549_organism_trends_bestconfig_testset/predict/multiruns/2026-07-09_15-18-29/1/job_return_value.json,predictions/549_organism_trends_bestconfig_testset/2026-07-09_15-18-29/2026-07-09_22-25-59_122523/predictions.jsonl
OrganismTrends,GPT OSS 20B,7331,419,17251.99155367003,41.174204185369994,logs/549_organism_trends_bestconfig_testset/predict/multiruns/2026-07-09_15-18-29/2/job_return_value.json,predictions/549_organism_trends_bestconfig_testset/2026-07-09_15-18-29/2026-07-10_03-19-38_001675/predictions.jsonl
OrganismTrends,Gemma 3 27B,42,419,27326.00881113799,65.217204799852,logs/549_organism_trends_bestconfig_testset/predict/multiruns/2026-07-09_15-31-12/0/job_return_value.json,predictions/549_organism_trends_bestconfig_testset/2026-07-09_15-31-12/2026-07-09_15-31-12_905800/predictions.jsonl
OrganismTrends,Gemma 3 27B,1337,419,27926.33720973204,66.6499694743008,logs/549_organism_trends_bestconfig_testset/predict/multiruns/2026-07-09_15-31-12/1/job_return_value.json,predictions/549_organism_trends_bestconfig_testset/2026-07-09_15-31-12/2026-07-10_00-49-38_256165/predictions.jsonl
OrganismTrends,Gemma 3 27B,7331,419,27460.027530272957,65.5370585448042,logs/549_organism_trends_bestconfig_testset/predict/multiruns/2026-07-09_15-31-12/2/job_return_value.json,predictions/549_organism_trends_bestconfig_testset/2026-07-09_15-31-12/2026-07-10_08-36-52_285888/predictions.jsonl
OrganismTrends,Qwen 3 30B,42,419,30267.413685568958,72.2372641660357,logs/549_organism_trends_bestconfig_testset/predict/multiruns/2026-07-09_15-31-13/0/job_return_value.json,predictions/549_organism_trends_bestconfig_testset/2026-07-09_15-31-13/2026-07-09_15-31-14_284231/predictions.jsonl
OrganismTrends,Qwen 3 30B,1337,419,30096.358620203915,71.82901818664419,logs/549_organism_trends_bestconfig_testset/predict/multiruns/2026-07-09_15-31-13/1/job_return_value.json,predictions/549_organism_trends_bestconfig_testset/2026-07-09_15-31-13/2026-07-10_01-38-32_323771/predictions.jsonl
OrganismTrends,Qwen 3 30B,7331,419,29962.764045457006,71.5101767194678,logs/549_organism_trends_bestconfig_testset/predict/multiruns/2026-07-09_15-31-13/2/job_return_value.json,predictions/549_organism_trends_bestconfig_testset/2026-07-09_15-31-13/2026-07-10_10-01-27_747483/predictions.jsonl
OrganismTrends,Mistral Small 3 24B,42,419,64970.33416502096,155.06046340100468,logs/549_organism_trends_bestconfig_testset/predict/multiruns/2026-07-09_16-29-00/0/job_return_value.json,predictions/549_organism_trends_bestconfig_testset/2026-07-09_16-29-00/2026-07-09_16-29-01_763902/predictions.jsonl
OrganismTrends,Mistral Small 3 24B,1337,419,63146.46440580103,150.70755228114805,logs/549_organism_trends_bestconfig_testset/predict/multiruns/2026-07-09_16-29-00/1/job_return_value.json,predictions/549_organism_trends_bestconfig_testset/2026-07-09_16-29-00/2026-07-10_12-56-22_951841/predictions.jsonl
OrganismTrends,Mistral Small 3 24B,7331,419,63358.52819295088,151.2136711048947,logs/549_organism_trends_bestconfig_testset/predict/multiruns/2026-07-09_16-29-00/2/job_return_value.json,predictions/549_organism_trends_bestconfig_testset/2026-07-09_16-29-00/2026-07-11_06-30-42_036967/predictions.jsonl
